MFCC_Mean,Tempo_BPM,Energia_Média
-291.66272,129.19921875,34.49708
159.61046,129.19921875,34.49708
27.657187,129.19921875,34.49708
51.047146,129.19921875,34.49708
16.082636,129.19921875,34.49708
-5.3485947,129.19921875,34.49708
1.8980453,129.19921875,34.49708
14.838052,129.19921875,34.49708
-0.68545413,129.19921875,34.49708
-14.042296,129.19921875,34.49708
-8.545389,129.19921875,34.49708
-13.022638,129.19921875,34.49708
-4.8215375,129.19921875,34.49708
